"source","term_name","term_id","highlighted","adjusted_p_value","negative_log10_of_adjusted_p_value","term_size","query_size","intersection_size","effective_domain_size","intersections"
"GO:CC","intracellular membrane-bounded organelle","GO:0043231","true","0.009350130635104016","2.0291823213511737","14727","6","6","78724","KLK10,ERLIN1,LETMD1,DNAAF6,ZSWIM7,KCTD13"
"GO:CC","membrane-bounded organelle","GO:0043227","false","0.01415153258777363","1.8491965242124524","15780","6","6","78724","KLK10,ERLIN1,LETMD1,DNAAF6,ZSWIM7,KCTD13"
"GO:CC","intracellular organelle","GO:0043229","false","0.016245083178794698","1.789278060619456","16147","6","6","78724","KLK10,ERLIN1,LETMD1,DNAAF6,ZSWIM7,KCTD13"
"GO:CC","organelle","GO:0043226","false","0.021629911240449672","1.6649452627089443","16936","6","6","78724","KLK10,ERLIN1,LETMD1,DNAAF6,ZSWIM7,KCTD13"
"GO:CC","intracellular anatomical structure","GO:0005622","false","0.030600381630865807","1.5142731572064714","17944","6","6","78724","KLK10,ERLIN1,LETMD1,DNAAF6,ZSWIM7,KCTD13"
"GO:CC","Shu complex","GO:0097196","true","0.03328088169224873","1.4778051767020424","2","6","1","78724","ZSWIM7"
"TF","Factor: Sox-4; motif: AACAAA; match class: 1","TF:M03849_1","false","0.002870824906491519","2.541993294603262","9224","6","6","78724","KLK10,ERLIN1,LETMD1,DNAAF6,ZSWIM7,KCTD13"
"TF","Factor: NR1B2; motif: NTGACCY","TF:M02111","false","0.004241945341048869","2.372434931819881","9844","6","6","78724","KLK10,ERLIN1,LETMD1,DNAAF6,ZSWIM7,KCTD13"
"TF","Factor: FXR:RXR-ALPHA; motif: NRGGTCANRGGKN","TF:M08955","false","0.004396833868733047","2.356859943581012","9903","6","6","78724","KLK10,ERLIN1,LETMD1,DNAAF6,ZSWIM7,KCTD13"
"TF","Factor: NF-E4; motif: GTGAGGS; match class: 1","TF:M08826_1","false","0.005289527227136109","2.2765831430539407","4794","6","5","78724","KLK10,ERLIN1,LETMD1,ZSWIM7,KCTD13"
"TF","Factor: GKLF; motif: NNCCMCRCCCN","TF:M12173","false","0.005579561796075154","2.253399908055166","10304","6","6","78724","KLK10,ERLIN1,LETMD1,DNAAF6,ZSWIM7,KCTD13"
"TF","Factor: YB-1; motif: CCAMTCNGMR","TF:M03805","false","0.005658011646380537","2.2473361629317683","10328","6","6","78724","KLK10,ERLIN1,LETMD1,DNAAF6,ZSWIM7,KCTD13"
"TF","Factor: ETV7; motif: NCCGGAANNN","TF:M02071","false","0.00585816704949006","2.232238248284782","10388","6","6","78724","KLK10,ERLIN1,LETMD1,DNAAF6,ZSWIM7,KCTD13"
"TF","Factor: ETV4; motif: ACCGGAAGTN; match class: 1","TF:M13031_1","false","0.006591198297052514","2.1810356223576703","5012","6","5","78724","KLK10,ERLIN1,LETMD1,DNAAF6,KCTD13"
"TF","Factor: PEA3; motif: NACCGGAAGTN","TF:M11427","false","0.00766542314256932","2.1154638664572674","10864","6","6","78724","KLK10,ERLIN1,LETMD1,DNAAF6,ZSWIM7,KCTD13"
"TF","Factor: ETV4; motif: ACCGGAAGTN","TF:M13031","false","0.008524474754888316","2.069332371054663","11058","6","6","78724","KLK10,ERLIN1,LETMD1,DNAAF6,ZSWIM7,KCTD13"
"TF","Factor: PEA3; motif: NACCGGAAGTN","TF:M11430","false","0.008891756818445685","2.051012423374231","11136","6","6","78724","KLK10,ERLIN1,LETMD1,DNAAF6,ZSWIM7,KCTD13"
"TF","Factor: c-ets-2; motif: ACCGGAWRTN","TF:M02064","false","0.009119366118036414","2.0400353481854454","11183","6","6","78724","KLK10,ERLIN1,LETMD1,DNAAF6,ZSWIM7,KCTD13"
"TF","Factor: SREBP-1; motif: RTCRCGTGAY","TF:M11081","false","0.009727782078597324","2.0119861670107673","11304","6","6","78724","KLK10,ERLIN1,LETMD1,DNAAF6,ZSWIM7,KCTD13"
"TF","Factor: Cdx-2; motif: NRTCGTAANNNN","TF:M10849","false","0.009852390195644357","2.00645839662389","11328","6","6","78724","KLK10,ERLIN1,LETMD1,DNAAF6,ZSWIM7,KCTD13"
"TF","Factor: NURR1:RXR-ALPHA; motif: NRGGTCRTTGACCYN","TF:M08957","false","0.009951979063977233","2.0020905462795353","11347","6","6","78724","KLK10,ERLIN1,LETMD1,DNAAF6,ZSWIM7,KCTD13"
"TF","Factor: HES-7; motif: GNCACGYGNN","TF:M11066","false","0.012421903207225487","1.9058118591455022","11774","6","6","78724","KLK10,ERLIN1,LETMD1,DNAAF6,ZSWIM7,KCTD13"
"TF","Factor: ZIC5; motif: NGACCCCCCGCTGNGM","TF:M12229","false","0.012589605025097449","1.8999878948414177","69","6","2","78724","KLK10,ZSWIM7"
"TF","Factor: T3R-beta; motif: NRGGTCAAAGGTCAN","TF:M11816","false","0.013592386068990422","1.8667042985555065","11952","6","6","78724","KLK10,ERLIN1,LETMD1,DNAAF6,ZSWIM7,KCTD13"
"TF","Factor: FOXO1A:Elf-1; motif: NAGAAAACCGAANM","TF:M08295","false","0.013599212411705218","1.866486242744113","11953","6","6","78724","KLK10,ERLIN1,LETMD1,DNAAF6,ZSWIM7,KCTD13"
"TF","Factor: E2F-4; motif: GCGGGAAANA","TF:M02090","false","0.016265775073958967","1.7887252374959624","12315","6","6","78724","KLK10,ERLIN1,LETMD1,DNAAF6,ZSWIM7,KCTD13"
"TF","Factor: Thap1; motif: SCGCCATSTTKGNTNMGGGCARNN","TF:M04723","false","0.016488981842075787","1.7828061602450953","12343","6","6","78724","KLK10,ERLIN1,LETMD1,DNAAF6,ZSWIM7,KCTD13"
"TF","Factor: ETS1; motif: GCCGGAWGTACTTCCGGN","TF:M03978","false","0.016529107509475203","1.7817505955618997","12348","6","6","78724","KLK10,ERLIN1,LETMD1,DNAAF6,ZSWIM7,KCTD13"
"TF","Factor: ER71:SREBP-2; motif: NTSACGTGACGGAARY","TF:M08457","false","0.016795983052165644","1.7747945722547847","12381","6","6","78724","KLK10,ERLIN1,LETMD1,DNAAF6,ZSWIM7,KCTD13"
"TF","Factor: ER71; motif: ACCGGAARYN","TF:M02067","false","0.017045139848069782","1.768399431220314","6075","6","5","78724","KLK10,ERLIN1,LETMD1,DNAAF6,KCTD13"
"TF","Factor: SP8; motif: RNCACGCCCMCN","TF:M12147","false","0.01731764474075209","1.7615111738457507","2548","6","4","78724","KLK10,DNAAF6,ZSWIM7,KCTD13"
"TF","Factor: ELF1; motif: NCCGGAARTN","TF:M02053","false","0.018474553389232453","1.7334260516035735","6175","6","5","78724","KLK10,ERLIN1,LETMD1,DNAAF6,KCTD13"
"TF","Factor: ER81; motif: NNCCGGAWGYN","TF:M11419","false","0.01896658185697183","1.722010930282315","6208","6","5","78724","KLK10,ERLIN1,DNAAF6,ZSWIM7,KCTD13"
"TF","Factor: Hey2; motif: NNCACGYGNN","TF:M11052","false","0.020615170880485374","1.6858130609526403","12811","6","6","78724","KLK10,ERLIN1,LETMD1,DNAAF6,ZSWIM7,KCTD13"
"TF","Factor: E2F3; motif: NNRGMKGGAR","TF:M12598","false","0.020653828845802306","1.6849994262127301","12815","6","6","78724","KLK10,ERLIN1,LETMD1,DNAAF6,ZSWIM7,KCTD13"
"TF","Factor: FOXP3; motif: NNNVAAACANWD","TF:M07419","false","0.021138127252880255","1.6749334919466405","6346","6","5","78724","KLK10,LETMD1,DNAAF6,ZSWIM7,KCTD13"
"TF","Factor: HOXB8; motif: RTCRTTAN","TF:M10727","false","0.022022727761789856","1.6571288897909682","6399","6","5","78724","KLK10,ERLIN1,LETMD1,DNAAF6,KCTD13"
"TF","Factor: GCMa:Elk-1; motif: RTGNGGGCGGAAGNN","TF:M08309","false","0.023001805501731566","1.6382380731709298","13047","6","6","78724","KLK10,ERLIN1,LETMD1,DNAAF6,ZSWIM7,KCTD13"
"TF","Factor: FAC1; motif: NNNCAMAACACRNA; match class: 1","TF:M00456_1","false","0.023402751303611108","1.6307330825156332","2750","6","4","78724","KLK10,LETMD1,DNAAF6,ZSWIM7"
"TF","Factor: E2F-4; motif: NNTTCCCGCCNN","TF:M04823","false","0.02397058171798982","1.6203214263815533","13137","6","6","78724","KLK10,ERLIN1,LETMD1,DNAAF6,ZSWIM7,KCTD13"
"TF","Factor: E2F-4; motif: NTTTCSCGCC","TF:M07380","false","0.02681765612540179","1.5715791823489544","13385","6","6","78724","KLK10,ERLIN1,LETMD1,DNAAF6,ZSWIM7,KCTD13"
"TF","Factor: pax-6; motif: NYACGCNTSANYGCNYN","TF:M11881","false","0.02810515933732264","1.5512139482068794","13490","6","6","78724","KLK10,ERLIN1,LETMD1,DNAAF6,ZSWIM7,KCTD13"
"TF","Factor: E2F; motif: GGCGSG","TF:M00803","false","0.029275207533130537","1.533500017513535","13582","6","6","78724","KLK10,ERLIN1,LETMD1,DNAAF6,ZSWIM7,KCTD13"
"TF","Factor: BEN; motif: CAGCGRNV; match class: 1","TF:M01240_1","false","0.029547895520022446","1.529473445293326","13603","6","6","78724","KLK10,ERLIN1,LETMD1,DNAAF6,ZSWIM7,KCTD13"
"TF","Factor: pax-6; motif: NYACGCNTSRNYGCNYN","TF:M11883","false","0.03191763366345282","1.4959693142197914","13779","6","6","78724","KLK10,ERLIN1,LETMD1,DNAAF6,ZSWIM7,KCTD13"
"TF","Factor: E2F-1; motif: NNNNGGCGGGAARN","TF:M09892","false","0.034266315681253566","1.465132588459495","13943","6","6","78724","KLK10,ERLIN1,LETMD1,DNAAF6,ZSWIM7,KCTD13"
"TF","Factor: Zic3; motif: NGGGKGGTC","TF:M00450","false","0.04004790808048623","1.3974201645442674","14310","6","6","78724","KLK10,ERLIN1,LETMD1,DNAAF6,ZSWIM7,KCTD13"
"TF","Factor: PEA3; motif: RCCGGAAGYN","TF:M02066","false","0.04036731114144864","1.3939701778951754","7237","6","5","78724","KLK10,ERLIN1,LETMD1,DNAAF6,KCTD13"
"TF","Factor: AP-2rep; motif: CAGTGGG","TF:M00468","false","0.04050466846210704","1.3924949182548096","7242","6","5","78724","KLK10,ERLIN1,DNAAF6,ZSWIM7,KCTD13"
"TF","Factor: Elk-1:Pax-5; motif: ACCGGAACYACGCWTSANYG","TF:M08225","false","0.040673336248169434","1.3906902029397765","14347","6","6","78724","KLK10,ERLIN1,LETMD1,DNAAF6,ZSWIM7,KCTD13"
"TF","Factor: GCMa:Elk-1; motif: RTGNGGGCGGAAGNN; match class: 1","TF:M08309_1","false","0.04094670413036437","1.3877810495959022","7258","6","5","78724","KLK10,ERLIN1,LETMD1,ZSWIM7,KCTD13"
"TF","Factor: SRY; motif: TTGTTT","TF:M03854","false","0.04098052881800879","1.387422441706875","14365","6","6","78724","KLK10,ERLIN1,LETMD1,DNAAF6,ZSWIM7,KCTD13"
"TF","Factor: FOXO1A; motif: AAACAA","TF:M03823","false","0.04098052881800879","1.387422441706875","14365","6","6","78724","KLK10,ERLIN1,LETMD1,DNAAF6,ZSWIM7,KCTD13"
"TF","Factor: c-Ets-2; motif: NACCGGAAGYRCTTCCGGTN; match class: 1","TF:M11417_1","false","0.041066202368326435","1.3865154570376927","14370","6","6","78724","KLK10,ERLIN1,LETMD1,DNAAF6,ZSWIM7,KCTD13"
"TF","Factor: CHD2; motif: TCTCGCGAG","TF:M04710","false","0.0423517281039002","1.3731288641838972","14444","6","6","78724","KLK10,ERLIN1,LETMD1,DNAAF6,ZSWIM7,KCTD13"
"TF","Factor: ZF5; motif: GSGCGCGR; match class: 1","TF:M00716_1","false","0.04392394350385219","1.3572986757282894","14532","6","6","78724","KLK10,ERLIN1,LETMD1,DNAAF6,ZSWIM7,KCTD13"
"TF","Factor: Sox-4; motif: AACAAA","TF:M03849","false","0.0440328870569106","1.3562228386881017","14538","6","6","78724","KLK10,ERLIN1,LETMD1,DNAAF6,ZSWIM7,KCTD13"
"TF","Factor: E2F1; motif: NNNNNGCGSSAAAN","TF:M08874","false","0.0456716768450571","1.3403530428885913","7421","6","5","78724","ERLIN1,LETMD1,DNAAF6,ZSWIM7,KCTD13"
"TF","Factor: c-Ets-2; motif: NACCGGAAGYRCTTCCGGTN","TF:M11417","false","0.04643023354620713","1.3331991318071421","14667","6","6","78724","KLK10,ERLIN1,LETMD1,DNAAF6,ZSWIM7,KCTD13"
"TF","Factor: RAR-gamma; motif: RGGTCANNNTGNCCNNNN","TF:M10045","false","0.047828842467975655","1.3203101295995794","7491","6","5","78724","KLK10,ERLIN1,LETMD1,DNAAF6,ZSWIM7"
"MIRNA","hsa-mir-8082","MIRNA:hsa-mir-8082","false","0.017774737006236385","1.7501968163413903","133","6","2","78724","KLK10,ZSWIM7"
"MIRNA","hsa-mir-4795-5p","MIRNA:hsa-mir-4795-5p","false","0.019239383260014283","1.715808853871261","1049","6","3","78724","KLK10,ERLIN1,LETMD1"
"MIRNA","hsa-mir-6770-5p","MIRNA:hsa-mir-6770-5p","false","0.031138322627101263","1.5067047859045246","176","6","2","78724","KLK10,LETMD1"
"MIRNA","hsa-mir-3074-5p","MIRNA:hsa-mir-3074-5p","false","0.04675908819810379","1.3301339661670195","1415","6","3","78724","KLK10,ERLIN1,LETMD1"
"HP","Abnormal pulmonary interstitial morphology","HP:0006530","false","0.03829170904473085","1.4168952496843827","157","6","2","78724","DNAAF6,ZSWIM7"
